ZipCode,County,Month,Year,CustomerClass,TotalkWh,TotalGWh
93512,Mono County,1,2015,Residential,66924.0,0.066924
93512,Mono County,1,2015,Commercial,23786.0,0.023786
93517,Mono County,1,2015,Residential,248613.0,0.248613
93517,Mono County,1,2015,Commercial,825840.0,0.82584
93529,Mono County,1,2015,Residential,441114.0,0.441114
93541,Mono County,1,2015,Residential,117400.0,0.1174
93541,Mono County,1,2015,Commercial,177511.0,0.177511
93546,Mono County,1,2015,Residential,9266914.0,9.266914
93546,Mono County,1,2015,Commercial,4829029.0,4.829029
93512,Mono County,1,2016,Residential,76237.0,0.076237
93512,Mono County,1,2016,Commercial,30870.0,0.03087
93517,Mono County,1,2016,Residential,271015.0,0.271015
93517,Mono County,1,2016,Commercial,857967.0,0.857967
93517,Mono County,1,2016,Agricultural,721747.0,0.721747
93529,Mono County,1,2016,Residential,527942.0,0.527942
93529,Mono County,1,2016,Commercial,370849.0,0.370849
93541,Mono County,1,2016,Residential,131930.0,0.13193
93541,Mono County,1,2016,Commercial,203288.0,0.203288
93546,Mono County,1,2016,Residential,11186997.0,11.186997
93546,Mono County,1,2016,Commercial,5301958.0,5.301958
93546,Mono County,1,2016,Agricultural,1737225.0,1.737225
93512,Mono County,1,2017,Residential,75571.0,0.075571
93512,Mono County,1,2017,Commercial,31999.0,0.031999
93517,Mono County,1,2017,Residential,270596.0,0.270596
93517,Mono County,1,2017,Commercial,843853.0,0.843853
93529,Mono County,1,2017,Residential,519961.0,0.519961
93529,Mono County,1,2017,Commercial,371723.0,0.371723
93529,Mono County,1,2017,Agricultural,279325.0,0.279325
93541,Mono County,1,2017,Residential,118895.0,0.118895
93541,Mono County,1,2017,Commercial,182149.0,0.182149
93546,Mono County,1,2017,Residential,10091842.0,10.091842
93546,Mono County,1,2017,Commercial,4737472.0,4.737472
93512,Mono County,1,2018,Residential,60566.0,0.060566
93517,Mono County,1,2018,Residential,255360.0,0.25536
93517,Mono County,1,2018,Commercial,331652.0,0.331652
93529,Mono County,1,2018,Residential,411263.0,0.411263
93529,Mono County,1,2018,Commercial,328415.0,0.328415
93541,Mono County,1,2018,Residential,111293.0,0.111293
93541,Mono County,1,2018,Commercial,185828.0,0.185828
93546,Mono County,1,2018,Residential,8633212.0,8.633212
93546,Mono County,1,2018,Commercial,4342622.0,4.342622
93512,Mono County,1,2019,Residential,61759.0,0.061759
93517,Mono County,1,2019,Residential,282608.0,0.282608
93517,Mono County,1,2019,Commercial,348191.0,0.348191
93529,Mono County,1,2019,Residential,490016.0,0.490016
93529,Mono County,1,2019,Commercial,316278.0,0.316278
93541,Mono County,1,2019,Residential,130727.0,0.130727
93541,Mono County,1,2019,Commercial,196023.0,0.196023
93546,Mono County,1,2019,Residential,10231894.0,10.231894
93546,Mono County,1,2019,Commercial,4803917.0,4.803917
93512,Mono County,1,2020,Residential,66995.0,0.066995
93517,Mono County,1,2020,Residential,266044.0,0.266044
93517,Mono County,1,2020,Commercial,334672.0,0.334672
93529,Mono County,1,2020,Residential,458618.0,0.458618
93529,Mono County,1,2020,Commercial,339165.0,0.339165
93541,Mono County,1,2020,Residential,125535.0,0.125535
93541,Mono County,1,2020,Commercial,190113.0,0.190113
93546,Mono County,1,2020,Residential,10204636.0,10.204636
93546,Mono County,1,2020,Commercial,4915175.0,4.915175
93512,Mono County,1,2021,Residential,71342.0,0.071342
93517,Mono County,1,2021,Residential,294111.0,0.294111
93517,Mono County,1,2021,Commercial,358431.0,0.358431
93529,Mono County,1,2021,Residential,461695.0,0.461695
93529,Mono County,1,2021,Commercial,306823.0,0.306823
93541,Mono County,1,2021,Residential,138720.0,0.13872
93541,Mono County,1,2021,Commercial,182399.0,0.182399
93546,Mono County,1,2021,Residential,8627867.0,8.627867
93546,Mono County,1,2021,Commercial,4178409.0,4.178409
93512,Mono County,1,2022,Residential,76952.0,0.076952
93517,Mono County,1,2022,Residential,310184.0,0.310184
93517,Mono County,1,2022,Commercial,376158.0,0.376158
93517,Mono County,1,2022,Agricultural,722607.0,0.722607
93529,Mono County,1,2022,Residential,537364.0,0.537364
93541,Mono County,1,2022,Residential,136186.0,0.136186
93541,Mono County,1,2022,Commercial,214749.0,0.214749
93546,Mono County,1,2022,Residential,10936492.0,10.936492
93546,Mono County,1,2022,Commercial,5079800.0,5.0798
93546,Mono County,1,2022,Agricultural,1140981.0,1.140981
93512,Mono County,1,2023,Residential,73929.0,0.073929
93517,Mono County,1,2023,Residential,311646.0,0.311646
93517,Mono County,1,2023,Commercial,355181.0,0.355181
93529,Mono County,1,2023,Residential,538165.0,0.538165
93541,Mono County,1,2023,Residential,136303.0,0.136303
93541,Mono County,1,2023,Commercial,225038.0,0.225038
93546,Mono County,1,2023,Residential,10892726.0,10.892726
93546,Mono County,1,2023,Commercial,5014877.0,5.014877
93512,Mono County,1,2024,Residential,59917.0,0.059917
93517,Mono County,1,2024,Residential,258863.0,0.258863
93517,Mono County,1,2024,Commercial,339778.0,0.339778
93529,Mono County,1,2024,Residential,479615.0,0.479615
93541,Mono County,1,2024,Residential,154095.0,0.154095
93541,Mono County,1,2024,Commercial,291701.0,0.291701
93546,Mono County,1,2024,Residential,10344977.0,10.344977
93546,Mono County,1,2024,Commercial,5047989.0,5.047989
93512,Mono County,2,2015,Residential,58288.0,0.058288
93512,Mono County,2,2015,Commercial,19219.0,0.019219
93517,Mono County,2,2015,Residential,200103.0,0.200103
93517,Mono County,2,2015,Commercial,702228.0,0.702228
93529,Mono County,2,2015,Residential,299307.0,0.299307
93529,Mono County,2,2015,Commercial,269480.0,0.26948
93541,Mono County,2,2015,Residential,93749.0,0.093749
93541,Mono County,2,2015,Commercial,153244.0,0.153244
93546,Mono County,2,2015,Residential,6584078.0,6.584078
93546,Mono County,2,2015,Commercial,4114668.0,4.114668
93512,Mono County,2,2016,Residential,61627.0,0.061627
93512,Mono County,2,2016,Commercial,24283.0,0.024283
93517,Mono County,2,2016,Residential,229044.0,0.229044
93517,Mono County,2,2016,Commercial,817591.0,0.817591
93529,Mono County,2,2016,Residential,385892.0,0.385892
93529,Mono County,2,2016,Commercial,323429.0,0.323429
93541,Mono County,2,2016,Residential,104383.0,0.104383
93541,Mono County,2,2016,Commercial,174249.0,0.174249
93546,Mono County,2,2016,Residential,8564003.0,8.564003
93546,Mono County,2,2016,Commercial,4909222.0,4.909222
93512,Mono County,2,2017,Residential,64513.0,0.064513
93512,Mono County,2,2017,Commercial,29005.0,0.029005
93517,Mono County,2,2017,Residential,263585.0,0.263585
93517,Mono County,2,2017,Commercial,828959.0,0.828959
93529,Mono County,2,2017,Residential,467839.0,0.467839
93529,Mono County,2,2017,Commercial,359275.0,0.359275
93541,Mono County,2,2017,Residential,114325.0,0.114325
93541,Mono County,2,2017,Commercial,194904.0,0.194904
93546,Mono County,2,2017,Residential,9441800.0,9.4418
93546,Mono County,2,2017,Commercial,5312598.0,5.312598
93512,Mono County,2,2018,Residential,52123.0,0.052123
93517,Mono County,2,2018,Residential,229216.0,0.229216
93517,Mono County,2,2018,Commercial,291880.0,0.29188
93529,Mono County,2,2018,Residential,330604.0,0.330604
93529,Mono County,2,2018,Commercial,282393.0,0.282393
93541,Mono County,2,2018,Residential,94671.0,0.094671
93541,Mono County,2,2018,Commercial,163885.0,0.163885
93546,Mono County,2,2018,Residential,7585225.0,7.585225
93546,Mono County,2,2018,Commercial,4476607.0,4.476607
93546,Mono County,2,2018,Agricultural,1213187.0,1.213187
93512,Mono County,2,2019,Residential,57540.0,0.05754
93517,Mono County,2,2019,Residential,273358.0,0.273358
93517,Mono County,2,2019,Commercial,364248.0,0.364248
93529,Mono County,2,2019,Residential,449280.0,0.44928
93529,Mono County,2,2019,Commercial,300622.0,0.300622
93541,Mono County,2,2019,Residential,113137.0,0.113137
93541,Mono County,2,2019,Commercial,182058.0,0.182058
93546,Mono County,2,2019,Residential,10007457.0,10.007457
93546,Mono County,2,2019,Commercial,5237708.0,5.237708
93512,Mono County,2,2020,Residential,55513.0,0.055513
93512,Mono County,2,2020,Commercial,23772.0,0.023772
93517,Mono County,2,2020,Residential,235385.0,0.235385
93517,Mono County,2,2020,Commercial,311924.0,0.311924
93529,Mono County,2,2020,Residential,391769.0,0.391769
93529,Mono County,2,2020,Commercial,320251.0,0.320251
93541,Mono County,2,2020,Residential,110422.0,0.110422
93541,Mono County,2,2020,Commercial,175577.0,0.175577
93546,Mono County,2,2020,Residential,8425514.0,8.425514
93546,Mono County,2,2020,Commercial,4831415.0,4.831415
93512,Mono County,2,2021,Residential,63128.0,0.063128
93517,Mono County,2,2021,Residential,271017.0,0.271017
93517,Mono County,2,2021,Commercial,362706.0,0.362706
93529,Mono County,2,2021,Residential,453239.0,0.453239
93529,Mono County,2,2021,Commercial,300994.0,0.300994
93541,Mono County,2,2021,Residential,121197.0,0.121197
93541,Mono County,2,2021,Commercial,165231.0,0.165231
93546,Mono County,2,2021,Residential,8929590.0,8.92959
93546,Mono County,2,2021,Commercial,4244050.0,4.24405
93512,Mono County,2,2022,Residential,56146.0,0.056146
93517,Mono County,2,2022,Residential,255375.0,0.255375
93517,Mono County,2,2022,Commercial,335193.0,0.335193
93529,Mono County,2,2022,Residential,423014.0,0.423014
93541,Mono County,2,2022,Residential,100633.0,0.100633
93541,Mono County,2,2022,Commercial,138511.0,0.138511
93546,Mono County,2,2022,Residential,7807414.0,7.807414
93546,Mono County,2,2022,Commercial,4466279.0,4.466279
93512,Mono County,2,2023,Residential,58070.0,0.05807
93517,Mono County,2,2023,Residential,306458.0,0.306458
93517,Mono County,2,2023,Commercial,374045.0,0.374045
93529,Mono County,2,2023,Residential,502117.0,0.502117
93541,Mono County,2,2023,Residential,124987.0,0.124987
93541,Mono County,2,2023,Commercial,171319.0,0.171319
93546,Mono County,2,2023,Residential,9543588.0,9.543588
93546,Mono County,2,2023,Commercial,4994567.0,4.994567
93512,Mono County,2,2024,Residential,40214.0,0.040214
93517,Mono County,2,2024,Residential,238627.0,0.238627
93517,Mono County,2,2024,Commercial,322365.0,0.322365
93529,Mono County,2,2024,Residential,396858.0,0.396858
93529,Mono County,2,2024,Commercial,308079.0,0.308079
93541,Mono County,2,2024,Residential,63019.0,0.063019
93541,Mono County,2,2024,Commercial,86051.0,0.086051
93546,Mono County,2,2024,Residential,8323182.0,8.323182
93546,Mono County,2,2024,Commercial,4383741.0,4.383741
93512,Mono County,3,2015,Residential,50872.0,0.050872
93512,Mono County,3,2015,Commercial,17359.0,0.017359
93517,Mono County,3,2015,Residential,178691.0,0.178691
93517,Mono County,3,2015,Commercial,635154.0,0.635154
93529,Mono County,3,2015,Residential,287152.0,0.287152
93529,Mono County,3,2015,Commercial,266920.0,0.26692
93541,Mono County,3,2015,Residential,84771.0,0.084771
93541,Mono County,3,2015,Commercial,146348.0,0.146348
93546,Mono County,3,2015,Residential,6059736.0,6.059736
93546,Mono County,3,2015,Commercial,4041274.0,4.041274
93512,Mono County,3,2016,Residential,55480.0,0.05548
93512,Mono County,3,2016,Commercial,22121.0,0.022121
93517,Mono County,3,2016,Residential,197895.0,0.197895
93517,Mono County,3,2016,Commercial,288839.0,0.288839
93529,Mono County,3,2016,Residential,309763.0,0.309763
93529,Mono County,3,2016,Commercial,290318.0,0.290318
93529,Mono County,3,2016,Agricultural,786868.0,0.786868
93541,Mono County,3,2016,Residential,84743.0,0.084743
93541,Mono County,3,2016,Commercial,155660.0,0.15566
93546,Mono County,3,2016,Residential,7022118.0,7.022118
93546,Mono County,3,2016,Commercial,4585346.0,4.585346
93512,Mono County,3,2017,Residential,53335.0,0.053335
93512,Mono County,3,2017,Commercial,23589.0,0.023589
93517,Mono County,3,2017,Residential,223924.0,0.223924
93517,Mono County,3,2017,Commercial,249474.0,0.249474
93529,Mono County,3,2017,Residential,437282.0,0.437282
93529,Mono County,3,2017,Commercial,329905.0,0.329905
93541,Mono County,3,2017,Residential,97784.0,0.097784
93541,Mono County,3,2017,Commercial,180680.0,0.18068
93546,Mono County,3,2017,Residential,8458787.0,8.458787
93546,Mono County,3,2017,Commercial,4422610.0,4.42261
93512,Mono County,3,2018,Residential,52583.0,0.052583
93517,Mono County,3,2018,Residential,240901.0,0.240901
93517,Mono County,3,2018,Commercial,765654.0,0.765654
93529,Mono County,3,2018,Residential,417521.0,0.417521
93529,Mono County,3,2018,Commercial,325849.0,0.325849
93541,Mono County,3,2018,Residential,103383.0,0.103383
93541,Mono County,3,2018,Commercial,189368.0,0.189368
93546,Mono County,3,2018,Residential,9314718.0,9.314718
93546,Mono County,3,2018,Commercial,4795302.0,4.795302
93512,Mono County,3,2019,Residential,52809.0,0.052809
93517,Mono County,3,2019,Residential,247741.0,0.247741
93517,Mono County,3,2019,Commercial,325224.0,0.325224
93529,Mono County,3,2019,Residential,470828.0,0.470828
93529,Mono County,3,2019,Commercial,317884.0,0.317884
93541,Mono County,3,2019,Residential,115801.0,0.115801
93541,Mono County,3,2019,Commercial,205765.0,0.205765
93546,Mono County,3,2019,Residential,10017185.0,10.017185
93546,Mono County,3,2019,Commercial,4837998.0,4.837998
93546,Mono County,3,2019,Agricultural,881299.0,0.881299
93512,Mono County,3,2020,Residential,50231.0,0.050231
93512,Mono County,3,2020,Commercial,20671.0,0.020671
93517,Mono County,3,2020,Residential,229664.0,0.229664
93517,Mono County,3,2020,Commercial,275753.0,0.275753
93529,Mono County,3,2020,Residential,346273.0,0.346273
93529,Mono County,3,2020,Commercial,293406.0,0.293406
93541,Mono County,3,2020,Residential,98361.0,0.098361
93541,Mono County,3,2020,Commercial,158782.0,0.158782
93546,Mono County,3,2020,Residential,7602403.0,7.602403
93546,Mono County,3,2020,Commercial,4250185.0,4.250185
93512,Mono County,3,2021,Residential,55394.0,0.055394
93517,Mono County,3,2021,Residential,229223.0,0.229223
93517,Mono County,3,2021,Commercial,664858.0,0.664858
93529,Mono County,3,2021,Residential,406505.0,0.406505
93529,Mono County,3,2021,Commercial,305047.0,0.305047
93541,Mono County,3,2021,Residential,107103.0,0.107103
93541,Mono County,3,2021,Commercial,158992.0,0.158992
93546,Mono County,3,2021,Residential,7988236.0,7.988236
93546,Mono County,3,2021,Commercial,3951277.0,3.951277
93512,Mono County,3,2022,Residential,48592.0,0.048592
93517,Mono County,3,2022,Residential,255420.0,0.25542
93517,Mono County,3,2022,Commercial,329342.0,0.329342
93529,Mono County,3,2022,Residential,409879.0,0.409879
93541,Mono County,3,2022,Residential,97098.0,0.097098
93541,Mono County,3,2022,Commercial,171797.0,0.171797
93546,Mono County,3,2022,Residential,8953434.0,8.953434
93546,Mono County,3,2022,Commercial,4723365.0,4.723365
93546,Mono County,3,2022,Agricultural,327615.0,0.327615
93512,Mono County,3,2023,Residential,58479.0,0.058479
93517,Mono County,3,2023,Residential,240277.0,0.240277
93517,Mono County,3,2023,Commercial,246553.0,0.246553
93529,Mono County,3,2023,Residential,487487.0,0.487487
93529,Mono County,3,2023,Commercial,356099.0,0.356099
93541,Mono County,3,2023,Residential,116311.0,0.116311
93541,Mono County,3,2023,Commercial,216221.0,0.216221
93546,Mono County,3,2023,Residential,10063021.0,10.063021
93546,Mono County,3,2023,Commercial,4408006.0,4.408006
93512,Mono County,3,2024,Residential,37719.0,0.037719
93517,Mono County,3,2024,Residential,218015.0,0.218015
93517,Mono County,3,2024,Commercial,285524.0,0.285524
93529,Mono County,3,2024,Residential,434731.0,0.434731
93529,Mono County,3,2024,Commercial,354993.0,0.354993
93541,Mono County,3,2024,Residential,91858.0,0.091858
93541,Mono County,3,2024,Commercial,148123.0,0.148123
93546,Mono County,3,2024,Residential,8628261.0,8.628261
93546,Mono County,3,2024,Commercial,4718162.0,4.718162
93512,Mono County,4,2015,Residential,49165.0,0.049165
93517,Mono County,4,2015,Residential,195505.0,0.195505
93517,Mono County,4,2015,Commercial,745480.0,0.74548
93529,Mono County,4,2015,Residential,250526.0,0.250526
93529,Mono County,4,2015,Commercial,239919.0,0.239919
93541,Mono County,4,2015,Residential,74752.0,0.074752
93541,Mono County,4,2015,Commercial,131756.0,0.131756
93546,Mono County,4,2015,Residential,5077222.0,5.077222
93546,Mono County,4,2015,Commercial,3825934.0,3.825934
93512,Mono County,4,2016,Residential,58661.0,0.058661
93512,Mono County,4,2016,Commercial,20866.0,0.020866
93517,Mono County,4,2016,Residential,188909.0,0.188909
93517,Mono County,4,2016,Commercial,292465.0,0.292465
93529,Mono County,4,2016,Residential,275341.0,0.275341
93529,Mono County,4,2016,Commercial,281903.0,0.281903
93541,Mono County,4,2016,Residential,84364.0,0.084364
93541,Mono County,4,2016,Commercial,152360.0,0.15236
93546,Mono County,4,2016,Residential,6154190.0,6.15419
93546,Mono County,4,2016,Commercial,4302791.0,4.302791
93512,Mono County,4,2017,Residential,49357.0,0.049357
93512,Mono County,4,2017,Commercial,23370.0,0.02337
93517,Mono County,4,2017,Residential,182437.0,0.182437
93517,Mono County,4,2017,Commercial,767856.0,0.767856
93529,Mono County,4,2017,Residential,326192.0,0.326192
93529,Mono County,4,2017,Commercial,290720.0,0.29072
93541,Mono County,4,2017,Residential,83439.0,0.083439
93541,Mono County,4,2017,Commercial,144080.0,0.14408
93546,Mono County,4,2017,Residential,7213708.0,7.213708
93546,Mono County,4,2017,Commercial,4450464.0,4.450464
93512,Mono County,4,2018,Residential,47296.0,0.047296
93517,Mono County,4,2018,Residential,213469.0,0.213469
93517,Mono County,4,2018,Commercial,334497.0,0.334497
93529,Mono County,4,2018,Residential,322460.0,0.32246
93529,Mono County,4,2018,Commercial,282899.0,0.282899
93541,Mono County,4,2018,Residential,90945.0,0.090945
93541,Mono County,4,2018,Commercial,170150.0,0.17015
93546,Mono County,4,2018,Residential,7448679.0,7.448679
93546,Mono County,4,2018,Commercial,4438057.0,4.438057
93512,Mono County,4,2019,Residential,46400.0,0.0464
93517,Mono County,4,2019,Residential,214102.0,0.214102
93517,Mono County,4,2019,Commercial,316250.0,0.31625
93529,Mono County,4,2019,Residential,348635.0,0.348635
93529,Mono County,4,2019,Commercial,287426.0,0.287426
93541,Mono County,4,2019,Residential,87453.0,0.087453
93541,Mono County,4,2019,Commercial,162363.0,0.162363
93546,Mono County,4,2019,Residential,7697519.0,7.697519
93546,Mono County,4,2019,Commercial,4579498.0,4.579498
93512,Mono County,4,2020,Residential,50618.0,0.050618
93512,Mono County,4,2020,Commercial,18776.0,0.018776
93517,Mono County,4,2020,Residential,230264.0,0.230264
93517,Mono County,4,2020,Commercial,276575.0,0.276575
93529,Mono County,4,2020,Residential,320295.0,0.320295
93529,Mono County,4,2020,Commercial,249562.0,0.249562
93541,Mono County,4,2020,Residential,98298.0,0.098298
93541,Mono County,4,2020,Commercial,146132.0,0.146132
93546,Mono County,4,2020,Residential,6396638.0,6.396638
93546,Mono County,4,2020,Commercial,3812929.0,3.812929
93512,Mono County,4,2021,Residential,42690.0,0.04269
93517,Mono County,4,2021,Residential,235407.0,0.235407
93517,Mono County,4,2021,Commercial,310497.0,0.310497
93529,Mono County,4,2021,Residential,349727.0,0.349727
93529,Mono County,4,2021,Commercial,288301.0,0.288301
93541,Mono County,4,2021,Residential,91410.0,0.09141
93541,Mono County,4,2021,Commercial,141459.0,0.141459
93546,Mono County,4,2021,Residential,6926274.0,6.926274
93546,Mono County,4,2021,Commercial,4996387.0,4.996387
93512,Mono County,4,2022,Residential,37491.0,0.037491
93517,Mono County,4,2022,Residential,180523.0,0.180523
93517,Mono County,4,2022,Commercial,558975.0,0.558975
93529,Mono County,4,2022,Residential,303106.0,0.303106
93541,Mono County,4,2022,Residential,73276.0,0.073276
93546,Mono County,4,2022,Residential,5425380.0,5.42538
93546,Mono County,4,2022,Commercial,4435605.0,4.435605
93546,Mono County,4,2022,Agricultural,194964.0,0.194964
93512,Mono County,4,2023,Residential,40585.0,0.040585
93517,Mono County,4,2023,Residential,215256.0,0.215256
93517,Mono County,4,2023,Commercial,301114.0,0.301114
93529,Mono County,4,2023,Residential,422197.0,0.422197
93529,Mono County,4,2023,Commercial,336047.0,0.336047
93541,Mono County,4,2023,Residential,96935.0,0.096935
93541,Mono County,4,2023,Commercial,175013.0,0.175013
93546,Mono County,4,2023,Residential,8748409.0,8.748409
93546,Mono County,4,2023,Commercial,4613961.0,4.613961
93512,Mono County,4,2024,Residential,34427.0,0.034427
93517,Mono County,4,2024,Residential,201561.0,0.201561
93517,Mono County,4,2024,Commercial,289179.0,0.289179
93529,Mono County,4,2024,Residential,362338.0,0.362338
93529,Mono County,4,2024,Commercial,322455.0,0.322455
93541,Mono County,4,2024,Residential,82134.0,0.082134
93541,Mono County,4,2024,Commercial,166637.0,0.166637
93546,Mono County,4,2024,Residential,8059234.0,8.059234
93546,Mono County,4,2024,Commercial,4555382.0,4.555382
93512,Mono County,5,2015,Residential,48667.0,0.048667
93512,Mono County,5,2015,Commercial,18579.0,0.018579
93517,Mono County,5,2015,Residential,203745.0,0.203745
93517,Mono County,5,2015,Commercial,831154.0,0.831154
93529,Mono County,5,2015,Residential,252838.0,0.252838
93529,Mono County,5,2015,Commercial,287913.0,0.287913
93541,Mono County,5,2015,Residential,80336.0,0.080336
93541,Mono County,5,2015,Commercial,169467.0,0.169467
93546,Mono County,5,2015,Residential,4115112.0,4.115112
93546,Mono County,5,2015,Commercial,3479328.0,3.479328
93512,Mono County,5,2016,Residential,52210.0,0.05221
93512,Mono County,5,2016,Commercial,18350.0,0.01835
93517,Mono County,5,2016,Residential,199181.0,0.199181
93517,Mono County,5,2016,Commercial,818165.0,0.818165
93529,Mono County,5,2016,Residential,246572.0,0.246572
93529,Mono County,5,2016,Commercial,274107.0,0.274107
93541,Mono County,5,2016,Residential,71706.0,0.071706
93541,Mono County,5,2016,Commercial,152076.0,0.152076
93546,Mono County,5,2016,Residential,4383722.0,4.383722
93546,Mono County,5,2016,Commercial,3587145.0,3.587145
93512,Mono County,5,2017,Residential,46579.0,0.046579
93517,Mono County,5,2017,Residential,196142.0,0.196142
93517,Mono County,5,2017,Commercial,799319.0,0.799319
93529,Mono County,5,2017,Residential,264211.0,0.264211
93529,Mono County,5,2017,Commercial,287199.0,0.287199
93541,Mono County,5,2017,Residential,74539.0,0.074539
93541,Mono County,5,2017,Commercial,149157.0,0.149157
93546,Mono County,5,2017,Residential,4956976.0,4.956976
93546,Mono County,5,2017,Commercial,3931624.0,3.931624
93512,Mono County,5,2018,Residential,40464.0,0.040464
93517,Mono County,5,2018,Residential,206744.0,0.206744
93517,Mono County,5,2018,Commercial,373398.0,0.373398
93529,Mono County,5,2018,Residential,246956.0,0.246956
93529,Mono County,5,2018,Commercial,276256.0,0.276256
93541,Mono County,5,2018,Residential,70384.0,0.070384
93541,Mono County,5,2018,Commercial,147257.0,0.147257
93546,Mono County,5,2018,Residential,4392992.0,4.392992
93546,Mono County,5,2018,Commercial,3431265.0,3.431265
93546,Mono County,5,2018,Agricultural,761621.0,0.761621
93512,Mono County,5,2019,Residential,41161.0,0.041161
93517,Mono County,5,2019,Residential,219854.0,0.219854
93517,Mono County,5,2019,Commercial,371059.0,0.371059
93529,Mono County,5,2019,Residential,262318.0,0.262318
93529,Mono County,5,2019,Commercial,262372.0,0.262372
93541,Mono County,5,2019,Residential,72396.0,0.072396
93541,Mono County,5,2019,Commercial,149325.0,0.149325
93546,Mono County,5,2019,Residential,5074613.0,5.074613
93546,Mono County,5,2019,Commercial,4007784.0,4.007784
93546,Mono County,5,2019,Agricultural,661658.0,0.661658
93512,Mono County,5,2020,Residential,44284.0,0.044284
93512,Mono County,5,2020,Commercial,16714.0,0.016714
93517,Mono County,5,2020,Residential,218452.0,0.218452
93517,Mono County,5,2020,Commercial,268639.0,0.268639
93529,Mono County,5,2020,Residential,255402.0,0.255402
93529,Mono County,5,2020,Commercial,203964.0,0.203964
93541,Mono County,5,2020,Residential,80897.0,0.080897
93541,Mono County,5,2020,Commercial,130609.0,0.130609
93546,Mono County,5,2020,Residential,4235310.0,4.23531
93546,Mono County,5,2020,Commercial,3293259.0,3.293259
93512,Mono County,5,2021,Residential,35254.0,0.035254
93517,Mono County,5,2021,Residential,218674.0,0.218674
93517,Mono County,5,2021,Commercial,367494.0,0.367494
93529,Mono County,5,2021,Residential,262683.0,0.262683
93529,Mono County,5,2021,Commercial,257814.0,0.257814
93541,Mono County,5,2021,Residential,76210.0,0.07621
93541,Mono County,5,2021,Commercial,136057.0,0.136057
93546,Mono County,5,2021,Residential,4349293.0,4.349293
93546,Mono County,5,2021,Commercial,3241300.0,3.2413
93546,Mono County,5,2021,Agricultural,220205.0,0.220205
93512,Mono County,5,2022,Residential,33189.0,0.033189
93512,Mono County,5,2022,Commercial,20540.0,0.02054
93517,Mono County,5,2022,Residential,230948.0,0.230948
93529,Mono County,5,2022,Residential,265327.0,0.265327
93529,Mono County,5,2022,Commercial,297223.0,0.297223
93541,Mono County,5,2022,Residential,64767.0,0.064767
93541,Mono County,5,2022,Commercial,135127.0,0.135127
93546,Mono County,5,2022,Residential,5086431.0,5.086431
93546,Mono County,5,2022,Commercial,3737797.0,3.737797
93512,Mono County,5,2023,Residential,33679.0,0.033679
93512,Mono County,5,2023,Commercial,19000.0,0.019
93517,Mono County,5,2023,Residential,177458.0,0.177458
93517,Mono County,5,2023,Commercial,337409.0,0.337409
93529,Mono County,5,2023,Residential,278380.0,0.27838
93529,Mono County,5,2023,Commercial,280559.0,0.280559
93541,Mono County,5,2023,Residential,90488.0,0.090488
93541,Mono County,5,2023,Commercial,194918.0,0.194918
93546,Mono County,5,2023,Residential,5954595.0,5.954595
93546,Mono County,5,2023,Commercial,4099147.0,4.099147
93512,Mono County,5,2024,Residential,24447.0,0.024447
93517,Mono County,5,2024,Residential,188062.0,0.188062
93517,Mono County,5,2024,Commercial,320699.0,0.320699
93529,Mono County,5,2024,Residential,248176.0,0.248176
93529,Mono County,5,2024,Commercial,263941.0,0.263941
93541,Mono County,5,2024,Residential,63013.0,0.063013
93541,Mono County,5,2024,Commercial,161491.0,0.161491
93546,Mono County,5,2024,Residential,4409808.0,4.409808
93546,Mono County,5,2024,Commercial,3780264.0,3.780264
93546,Mono County,5,2024,Agricultural,-5258.0,-0.005258
93512,Mono County,6,2015,Residential,46576.0,0.046576
93512,Mono County,6,2015,Commercial,18473.0,0.018473
93512,Mono County,6,2015,Agricultural,745868.0,0.745868
93517,Mono County,6,2015,Residential,170877.0,0.170877
93517,Mono County,6,2015,Commercial,352634.0,0.352634
93529,Mono County,6,2015,Residential,258789.0,0.258789
93529,Mono County,6,2015,Commercial,304930.0,0.30493
93541,Mono County,6,2015,Residential,73388.0,0.073388
93541,Mono County,6,2015,Commercial,215148.0,0.215148
93546,Mono County,6,2015,Residential,3530225.0,3.530225
93546,Mono County,6,2015,Commercial,3562428.0,3.562428
93512,Mono County,6,2016,Residential,52946.0,0.052946
93512,Mono County,6,2016,Commercial,20694.0,0.020694
93517,Mono County,6,2016,Residential,203262.0,0.203262
93517,Mono County,6,2016,Commercial,384173.0,0.384173
93529,Mono County,6,2016,Residential,253606.0,0.253606
93529,Mono County,6,2016,Commercial,330904.0,0.330904
93541,Mono County,6,2016,Residential,72009.0,0.072009
93541,Mono County,6,2016,Commercial,199120.0,0.19912
93546,Mono County,6,2016,Residential,3661359.0,3.661359
93546,Mono County,6,2016,Commercial,3440954.0,3.440954
93512,Mono County,6,2017,Residential,52390.0,0.05239
93517,Mono County,6,2017,Residential,184228.0,0.184228
93517,Mono County,6,2017,Commercial,366315.0,0.366315
93529,Mono County,6,2017,Residential,257975.0,0.257975
93529,Mono County,6,2017,Commercial,328899.0,0.328899
93541,Mono County,6,2017,Residential,71486.0,0.071486
93541,Mono County,6,2017,Commercial,187394.0,0.187394
93546,Mono County,6,2017,Residential,3691193.0,3.691193
93546,Mono County,6,2017,Commercial,3200029.0,3.200029
93512,Mono County,6,2018,Residential,44790.0,0.04479
93512,Mono County,6,2018,Agricultural,738581.0,0.738581
93517,Mono County,6,2018,Residential,207907.0,0.207907
93517,Mono County,6,2018,Commercial,410315.0,0.410315
93529,Mono County,6,2018,Residential,254177.0,0.254177
93529,Mono County,6,2018,Commercial,309844.0,0.309844
93541,Mono County,6,2018,Residential,70523.0,0.070523
93541,Mono County,6,2018,Commercial,203332.0,0.203332
93546,Mono County,6,2018,Residential,3657785.0,3.657785
93546,Mono County,6,2018,Commercial,3507370.0,3.50737
93512,Mono County,6,2019,Residential,45934.0,0.045934
93512,Mono County,6,2019,Commercial,18635.0,0.018635
93517,Mono County,6,2019,Residential,223171.0,0.223171
93517,Mono County,6,2019,Commercial,430384.0,0.430384
93529,Mono County,6,2019,Residential,283524.0,0.283524
93529,Mono County,6,2019,Commercial,319932.0,0.319932
93541,Mono County,6,2019,Residential,78752.0,0.078752
93541,Mono County,6,2019,Commercial,187208.0,0.187208
93546,Mono County,6,2019,Residential,4602125.0,4.602125
93546,Mono County,6,2019,Commercial,3634489.0,3.634489
93512,Mono County,6,2020,Residential,50255.0,0.050255
93512,Mono County,6,2020,Commercial,19158.0,0.019158
93517,Mono County,6,2020,Residential,229502.0,0.229502
93517,Mono County,6,2020,Commercial,379300.0,0.3793
93529,Mono County,6,2020,Residential,261084.0,0.261084
93529,Mono County,6,2020,Commercial,239706.0,0.239706
93541,Mono County,6,2020,Residential,76338.0,0.076338
93541,Mono County,6,2020,Commercial,132484.0,0.132484
93546,Mono County,6,2020,Residential,3647933.0,3.647933
93546,Mono County,6,2020,Commercial,2777074.0,2.777074
93512,Mono County,6,2021,Residential,39488.0,0.039488
93512,Mono County,6,2021,Agricultural,763412.0,0.763412
93517,Mono County,6,2021,Residential,218352.0,0.218352
93517,Mono County,6,2021,Commercial,427782.0,0.427782
93529,Mono County,6,2021,Residential,270906.0,0.270906
93529,Mono County,6,2021,Commercial,315993.0,0.315993
93541,Mono County,6,2021,Residential,70537.0,0.070537
93541,Mono County,6,2021,Commercial,203117.0,0.203117
93546,Mono County,6,2021,Residential,3838911.0,3.838911
93546,Mono County,6,2021,Commercial,3348821.0,3.348821
93546,Mono County,6,2021,Agricultural,161640.0,0.16164
93512,Mono County,6,2022,Residential,34055.0,0.034055
93512,Mono County,6,2022,Commercial,19433.0,0.019433
93517,Mono County,6,2022,Residential,200542.0,0.200542
93517,Mono County,6,2022,Commercial,407623.0,0.407623
93529,Mono County,6,2022,Residential,243521.0,0.243521
93529,Mono County,6,2022,Commercial,327600.0,0.3276
93541,Mono County,6,2022,Residential,62914.0,0.062914
93546,Mono County,6,2022,Residential,3600831.0,3.600831
93546,Mono County,6,2022,Commercial,3386164.0,3.386164
93512,Mono County,6,2023,Residential,28779.0,0.028779
93517,Mono County,6,2023,Residential,186404.0,0.186404
93517,Mono County,6,2023,Commercial,364848.0,0.364848
93529,Mono County,6,2023,Residential,258185.0,0.258185
93529,Mono County,6,2023,Commercial,264238.0,0.264238
93541,Mono County,6,2023,Residential,52317.0,0.052317
93541,Mono County,6,2023,Commercial,145121.0,0.145121
93546,Mono County,6,2023,Residential,4093559.0,4.093559
93546,Mono County,6,2023,Commercial,3169588.0,3.169588
93512,Mono County,6,2024,Residential,33186.0,0.033186
93517,Mono County,6,2024,Residential,182300.0,0.1823
93517,Mono County,6,2024,Commercial,340186.0,0.340186
93529,Mono County,6,2024,Residential,231017.0,0.231017
93529,Mono County,6,2024,Commercial,301908.0,0.301908
93541,Mono County,6,2024,Residential,60313.0,0.060313
93541,Mono County,6,2024,Commercial,119262.0,0.119262
93546,Mono County,6,2024,Residential,3291210.0,3.29121
93546,Mono County,6,2024,Commercial,3969660.0,3.96966
93512,Mono County,7,2015,Residential,51809.0,0.051809
93517,Mono County,7,2015,Residential,221867.0,0.221867
93517,Mono County,7,2015,Commercial,438964.0,0.438964
93529,Mono County,7,2015,Residential,276415.0,0.276415
93529,Mono County,7,2015,Commercial,347728.0,0.347728
93541,Mono County,7,2015,Residential,74468.0,0.074468
93541,Mono County,7,2015,Commercial,263810.0,0.26381
93546,Mono County,7,2015,Residential,3494742.0,3.494742
93546,Mono County,7,2015,Commercial,3837026.0,3.837026
93546,Mono County,7,2015,Agricultural,789008.0,0.789008
93512,Mono County,7,2016,Residential,58972.0,0.058972
93512,Mono County,7,2016,Commercial,23595.0,0.023595
93517,Mono County,7,2016,Residential,228748.0,0.228748
93517,Mono County,7,2016,Commercial,434675.0,0.434675
93529,Mono County,7,2016,Residential,275913.0,0.275913
93529,Mono County,7,2016,Commercial,375533.0,0.375533
93541,Mono County,7,2016,Residential,71662.0,0.071662
93541,Mono County,7,2016,Commercial,280456.0,0.280456
93546,Mono County,7,2016,Residential,3662601.0,3.662601
93546,Mono County,7,2016,Commercial,4076294.0,4.076294
93512,Mono County,7,2017,Residential,63432.0,0.063432
93517,Mono County,7,2017,Residential,214492.0,0.214492
93517,Mono County,7,2017,Commercial,444587.0,0.444587
93529,Mono County,7,2017,Residential,281525.0,0.281525
93529,Mono County,7,2017,Commercial,386470.0,0.38647
93541,Mono County,7,2017,Residential,75686.0,0.075686
93541,Mono County,7,2017,Commercial,235460.0,0.23546
93546,Mono County,7,2017,Residential,3573406.0,3.573406
93546,Mono County,7,2017,Commercial,3742349.0,3.742349
93512,Mono County,7,2018,Residential,57871.0,0.057871
93517,Mono County,7,2018,Residential,238754.0,0.238754
93517,Mono County,7,2018,Commercial,481688.0,0.481688
93529,Mono County,7,2018,Residential,272458.0,0.272458
93529,Mono County,7,2018,Commercial,362647.0,0.362647
93541,Mono County,7,2018,Residential,75800.0,0.0758
93541,Mono County,7,2018,Commercial,244832.0,0.244832
93546,Mono County,7,2018,Residential,3569198.0,3.569198
93546,Mono County,7,2018,Commercial,3585965.0,3.585965
93512,Mono County,7,2019,Residential,47864.0,0.047864
93512,Mono County,7,2019,Commercial,20271.0,0.020271
93517,Mono County,7,2019,Residential,239284.0,0.239284
93517,Mono County,7,2019,Commercial,766804.0,0.766804
93529,Mono County,7,2019,Residential,272910.0,0.27291
93529,Mono County,7,2019,Commercial,356317.0,0.356317
93541,Mono County,7,2019,Residential,67444.0,0.067444
93541,Mono County,7,2019,Commercial,221375.0,0.221375
93546,Mono County,7,2019,Residential,3741680.0,3.74168
93546,Mono County,7,2019,Commercial,3887108.0,3.887108
93512,Mono County,7,2020,Residential,56980.0,0.05698
93512,Mono County,7,2020,Commercial,21891.0,0.021891
93517,Mono County,7,2020,Residential,253377.0,0.253377
93517,Mono County,7,2020,Commercial,462270.0,0.46227
93529,Mono County,7,2020,Residential,315071.0,0.315071
93529,Mono County,7,2020,Commercial,354186.0,0.354186
93541,Mono County,7,2020,Residential,82852.0,0.082852
93541,Mono County,7,2020,Commercial,206494.0,0.206494
93546,Mono County,7,2020,Residential,4058868.0,4.058868
93546,Mono County,7,2020,Commercial,3555817.0,3.555817
93546,Mono County,7,2020,Agricultural,749266.0,0.749266
93512,Mono County,7,2021,Residential,48173.0,0.048173
93517,Mono County,7,2021,Residential,232315.0,0.232315
93517,Mono County,7,2021,Commercial,470577.0,0.470577
93529,Mono County,7,2021,Residential,282164.0,0.282164
93529,Mono County,7,2021,Commercial,423043.0,0.423043
93541,Mono County,7,2021,Residential,65305.0,0.065305
93541,Mono County,7,2021,Commercial,207324.0,0.207324
93546,Mono County,7,2021,Residential,3463904.0,3.463904
93546,Mono County,7,2021,Commercial,3450887.0,3.450887
93512,Mono County,7,2022,Residential,47676.0,0.047676
93512,Mono County,7,2022,Commercial,22651.0,0.022651
93517,Mono County,7,2022,Residential,217034.0,0.217034
93517,Mono County,7,2022,Commercial,437364.0,0.437364
93529,Mono County,7,2022,Residential,267324.0,0.267324
93529,Mono County,7,2022,Commercial,408455.0,0.408455
93541,Mono County,7,2022,Residential,61228.0,0.061228
93541,Mono County,7,2022,Commercial,204938.0,0.204938
93546,Mono County,7,2022,Residential,3380516.0,3.380516
93546,Mono County,7,2022,Commercial,3478898.0,3.478898
93512,Mono County,7,2023,Residential,39465.0,0.039465
93512,Mono County,7,2023,Commercial,23413.0,0.023413
93517,Mono County,7,2023,Residential,224457.0,0.224457
93517,Mono County,7,2023,Commercial,465277.0,0.465277
93529,Mono County,7,2023,Residential,283352.0,0.283352
93529,Mono County,7,2023,Commercial,314216.0,0.314216
93541,Mono County,7,2023,Residential,42082.0,0.042082
93546,Mono County,7,2023,Residential,3477444.0,3.477444
93546,Mono County,7,2023,Commercial,3212733.0,3.212733
93512,Mono County,7,2024,Residential,49138.0,0.049138
93512,Mono County,7,2024,Commercial,29577.0,0.029577
93517,Mono County,7,2024,Residential,230410.0,0.23041
93517,Mono County,7,2024,Commercial,483160.0,0.48316
93529,Mono County,7,2024,Residential,261848.0,0.261848
93529,Mono County,7,2024,Commercial,329769.0,0.329769
93541,Mono County,7,2024,Residential,67091.0,0.067091
93541,Mono County,7,2024,Commercial,223914.0,0.223914
93546,Mono County,7,2024,Residential,3522514.0,3.522514
93546,Mono County,7,2024,Commercial,3735307.0,3.735307
93512,Mono County,8,2015,Residential,54362.0,0.054362
93512,Mono County,8,2015,Commercial,20852.0,0.020852
93517,Mono County,8,2015,Residential,189989.0,0.189989
93517,Mono County,8,2015,Commercial,417544.0,0.417544
93529,Mono County,8,2015,Residential,250810.0,0.25081
93529,Mono County,8,2015,Commercial,338804.0,0.338804
93541,Mono County,8,2015,Residential,74588.0,0.074588
93541,Mono County,8,2015,Commercial,248117.0,0.248117
93546,Mono County,8,2015,Residential,3455746.0,3.455746
93546,Mono County,8,2015,Commercial,3478535.0,3.478535
93512,Mono County,8,2016,Residential,54222.0,0.054222
93512,Mono County,8,2016,Commercial,22640.0,0.02264
93517,Mono County,8,2016,Residential,202491.0,0.202491
93517,Mono County,8,2016,Commercial,436820.0,0.43682
93529,Mono County,8,2016,Residential,259005.0,0.259005
93529,Mono County,8,2016,Commercial,384740.0,0.38474
93541,Mono County,8,2016,Residential,69322.0,0.069322
93541,Mono County,8,2016,Commercial,285267.0,0.285267
93546,Mono County,8,2016,Residential,3532136.0,3.532136
93546,Mono County,8,2016,Commercial,3601672.0,3.601672
93512,Mono County,8,2017,Residential,54735.0,0.054735
93517,Mono County,8,2017,Residential,187673.0,0.187673
93517,Mono County,8,2017,Commercial,407365.0,0.407365
93529,Mono County,8,2017,Residential,261970.0,0.26197
93529,Mono County,8,2017,Commercial,370960.0,0.37096
93541,Mono County,8,2017,Residential,72464.0,0.072464
93541,Mono County,8,2017,Commercial,256956.0,0.256956
93546,Mono County,8,2017,Residential,3424424.0,3.424424
93546,Mono County,8,2017,Commercial,3510681.0,3.510681
93512,Mono County,8,2018,Residential,53688.0,0.053688
93517,Mono County,8,2018,Residential,205496.0,0.205496
93517,Mono County,8,2018,Commercial,437859.0,0.437859
93529,Mono County,8,2018,Residential,262999.0,0.262999
93529,Mono County,8,2018,Commercial,357009.0,0.357009
93541,Mono County,8,2018,Residential,74375.0,0.074375
93541,Mono County,8,2018,Commercial,266265.0,0.266265
93546,Mono County,8,2018,Residential,3521244.0,3.521244
93546,Mono County,8,2018,Commercial,3856798.0,3.856798
93512,Mono County,8,2019,Residential,49751.0,0.049751
93512,Mono County,8,2019,Commercial,22166.0,0.022166
93517,Mono County,8,2019,Residential,205873.0,0.205873
93517,Mono County,8,2019,Commercial,759109.0,0.759109
93529,Mono County,8,2019,Residential,260278.0,0.260278
93529,Mono County,8,2019,Commercial,368409.0,0.368409
93541,Mono County,8,2019,Residential,70634.0,0.070634
93541,Mono County,8,2019,Commercial,254333.0,0.254333
93546,Mono County,8,2019,Residential,3482307.0,3.482307
93546,Mono County,8,2019,Commercial,3786618.0,3.786618
93512,Mono County,8,2020,Residential,59571.0,0.059571
93512,Mono County,8,2020,Commercial,22970.0,0.02297
93517,Mono County,8,2020,Residential,226335.0,0.226335
93517,Mono County,8,2020,Commercial,441546.0,0.441546
93529,Mono County,8,2020,Residential,279979.0,0.279979
93529,Mono County,8,2020,Commercial,341532.0,0.341532
93541,Mono County,8,2020,Residential,79599.0,0.079599
93541,Mono County,8,2020,Commercial,228323.0,0.228323
93546,Mono County,8,2020,Residential,3896804.0,3.896804
93546,Mono County,8,2020,Commercial,3380228.0,3.380228
93546,Mono County,8,2020,Agricultural,878890.0,0.87889
93512,Mono County,8,2021,Residential,56767.0,0.056767
93517,Mono County,8,2021,Residential,210853.0,0.210853
93517,Mono County,8,2021,Commercial,449657.0,0.449657
93529,Mono County,8,2021,Residential,260197.0,0.260197
93529,Mono County,8,2021,Commercial,401084.0,0.401084
93541,Mono County,8,2021,Residential,104218.0,0.104218
93541,Mono County,8,2021,Commercial,367019.0,0.367019
93546,Mono County,8,2021,Residential,4010761.0,4.010761
93546,Mono County,8,2021,Commercial,3602099.0,3.602099
93546,Mono County,8,2021,Agricultural,773123.0,0.773123
93512,Mono County,8,2022,Residential,45109.0,0.045109
93512,Mono County,8,2022,Commercial,23291.0,0.023291
93512,Mono County,8,2022,Agricultural,816285.0,0.816285
93517,Mono County,8,2022,Residential,197638.0,0.197638
93517,Mono County,8,2022,Commercial,396976.0,0.396976
93529,Mono County,8,2022,Residential,247195.0,0.247195
93529,Mono County,8,2022,Commercial,418744.0,0.418744
93541,Mono County,8,2022,Residential,90640.0,0.09064
93541,Mono County,8,2022,Commercial,380055.0,0.380055
93546,Mono County,8,2022,Residential,3688090.0,3.68809
93546,Mono County,8,2022,Commercial,3656526.0,3.656526
93546,Mono County,8,2022,Agricultural,105539.0,0.105539
93512,Mono County,8,2023,Residential,44742.0,0.044742
93512,Mono County,8,2023,Commercial,23929.0,0.023929
93512,Mono County,8,2023,Agricultural,940757.0,0.940757
93517,Mono County,8,2023,Residential,196464.0,0.196464
93517,Mono County,8,2023,Commercial,423961.0,0.423961
93529,Mono County,8,2023,Residential,299741.0,0.299741
93529,Mono County,8,2023,Commercial,465562.0,0.465562
93541,Mono County,8,2023,Residential,86149.0,0.086149
93541,Mono County,8,2023,Commercial,345019.0,0.345019
93546,Mono County,8,2023,Residential,3797975.0,3.797975
93546,Mono County,8,2023,Commercial,3803601.0,3.803601
93512,Mono County,8,2024,Residential,40087.0,0.040087
93512,Mono County,8,2024,Commercial,24831.0,0.024831
93512,Mono County,8,2024,Agricultural,797111.0,0.797111
93517,Mono County,8,2024,Residential,187932.0,0.187932
93517,Mono County,8,2024,Commercial,388274.0,0.388274
93529,Mono County,8,2024,Residential,246344.0,0.246344
93529,Mono County,8,2024,Commercial,332606.0,0.332606
93541,Mono County,8,2024,Residential,66345.0,0.066345
93541,Mono County,8,2024,Commercial,247945.0,0.247945
93546,Mono County,8,2024,Residential,3285442.0,3.285442
93546,Mono County,8,2024,Commercial,3488449.0,3.488449
93512,Mono County,9,2015,Residential,49034.0,0.049034
93517,Mono County,9,2015,Residential,190510.0,0.19051
93517,Mono County,9,2015,Commercial,406583.0,0.406583
93529,Mono County,9,2015,Residential,232888.0,0.232888
93529,Mono County,9,2015,Commercial,314610.0,0.31461
93541,Mono County,9,2015,Residential,69681.0,0.069681
93541,Mono County,9,2015,Commercial,228108.0,0.228108
93546,Mono County,9,2015,Residential,3178512.0,3.178512
93546,Mono County,9,2015,Commercial,3628543.0,3.628543
93546,Mono County,9,2015,Agricultural,715236.0,0.715236
93512,Mono County,9,2016,Residential,49773.0,0.049773
93512,Mono County,9,2016,Commercial,20648.0,0.020648
93517,Mono County,9,2016,Residential,208319.0,0.208319
93517,Mono County,9,2016,Commercial,394739.0,0.394739
93529,Mono County,9,2016,Residential,241001.0,0.241001
93529,Mono County,9,2016,Commercial,345221.0,0.345221
93541,Mono County,9,2016,Residential,67759.0,0.067759
93541,Mono County,9,2016,Commercial,258420.0,0.25842
93546,Mono County,9,2016,Residential,3363802.0,3.363802
93546,Mono County,9,2016,Commercial,3757818.0,3.757818
93512,Mono County,9,2017,Residential,50296.0,0.050296
93517,Mono County,9,2017,Residential,187898.0,0.187898
93517,Mono County,9,2017,Commercial,377013.0,0.377013
93529,Mono County,9,2017,Residential,252218.0,0.252218
93529,Mono County,9,2017,Commercial,360674.0,0.360674
93541,Mono County,9,2017,Residential,69765.0,0.069765
93541,Mono County,9,2017,Commercial,244579.0,0.244579
93546,Mono County,9,2017,Residential,3245596.0,3.245596
93546,Mono County,9,2017,Commercial,3565230.0,3.56523
93546,Mono County,9,2017,Agricultural,759136.0,0.759136
93512,Mono County,9,2018,Residential,48373.0,0.048373
93517,Mono County,9,2018,Residential,205484.0,0.205484
93517,Mono County,9,2018,Commercial,409165.0,0.409165
93529,Mono County,9,2018,Residential,248131.0,0.248131
93529,Mono County,9,2018,Commercial,342109.0,0.342109
93541,Mono County,9,2018,Residential,69687.0,0.069687
93541,Mono County,9,2018,Commercial,231878.0,0.231878
93546,Mono County,9,2018,Residential,3240852.0,3.240852
93546,Mono County,9,2018,Commercial,3686047.0,3.686047
93512,Mono County,9,2019,Residential,50452.0,0.050452
93517,Mono County,9,2019,Residential,171119.0,0.171119
93517,Mono County,9,2019,Commercial,684076.0,0.684076
93529,Mono County,9,2019,Residential,238150.0,0.23815
93529,Mono County,9,2019,Commercial,366562.0,0.366562
93541,Mono County,9,2019,Residential,72247.0,0.072247
93541,Mono County,9,2019,Commercial,258499.0,0.258499
93546,Mono County,9,2019,Residential,3145499.0,3.145499
93546,Mono County,9,2019,Commercial,3464012.0,3.464012
93546,Mono County,9,2019,Agricultural,656853.0,0.656853
93512,Mono County,9,2020,Residential,55046.0,0.055046
93512,Mono County,9,2020,Commercial,21038.0,0.021038
93517,Mono County,9,2020,Residential,223420.0,0.22342
93517,Mono County,9,2020,Commercial,406381.0,0.406381
93529,Mono County,9,2020,Residential,265250.0,0.26525
93529,Mono County,9,2020,Commercial,323133.0,0.323133
93541,Mono County,9,2020,Residential,74432.0,0.074432
93541,Mono County,9,2020,Commercial,193954.0,0.193954
93546,Mono County,9,2020,Residential,3630466.0,3.630466
93546,Mono County,9,2020,Commercial,3254940.0,3.25494
93512,Mono County,9,2021,Residential,36467.0,0.036467
93517,Mono County,9,2021,Residential,193158.0,0.193158
93529,Mono County,9,2021,Residential,229082.0,0.229082
93541,Mono County,9,2021,Residential,43245.0,0.043245
93546,Mono County,9,2021,Residential,2847092.0,2.847092
93512,Mono County,9,2022,Residential,34574.0,0.034574
93512,Mono County,9,2022,Commercial,20427.0,0.020427
93517,Mono County,9,2022,Residential,193209.0,0.193209
93517,Mono County,9,2022,Commercial,385216.0,0.385216
93529,Mono County,9,2022,Residential,223652.0,0.223652
93529,Mono County,9,2022,Commercial,365577.0,0.365577
93541,Mono County,9,2022,Residential,41413.0,0.041413
93546,Mono County,9,2022,Residential,2809334.0,2.809334
93546,Mono County,9,2022,Commercial,3199951.0,3.199951
93512,Mono County,9,2023,Residential,26186.0,0.026186
93512,Mono County,9,2023,Commercial,19226.0,0.019226
93517,Mono County,9,2023,Residential,190441.0,0.190441
93517,Mono County,9,2023,Commercial,334905.0,0.334905
93529,Mono County,9,2023,Residential,192187.0,0.192187
93529,Mono County,9,2023,Commercial,213081.0,0.213081
93541,Mono County,9,2023,Residential,33098.0,0.033098
93546,Mono County,9,2023,Residential,2921254.0,2.921254
93546,Mono County,9,2023,Commercial,3273213.0,3.273213
93512,Mono County,9,2024,Residential,33153.0,0.033153
93512,Mono County,9,2024,Commercial,22991.0,0.022991
93517,Mono County,9,2024,Residential,179880.0,0.17988
93517,Mono County,9,2024,Commercial,365710.0,0.36571
93529,Mono County,9,2024,Residential,230724.0,0.230724
93529,Mono County,9,2024,Commercial,309955.0,0.309955
93541,Mono County,9,2024,Residential,62199.0,0.062199
93541,Mono County,9,2024,Commercial,233901.0,0.233901
93546,Mono County,9,2024,Residential,3174370.0,3.17437
93546,Mono County,9,2024,Commercial,3388998.0,3.388998
93512,Mono County,10,2015,Residential,46620.0,0.04662
93517,Mono County,10,2015,Residential,200546.0,0.200546
93517,Mono County,10,2015,Commercial,387241.0,0.387241
93529,Mono County,10,2015,Residential,247592.0,0.247592
93529,Mono County,10,2015,Commercial,321443.0,0.321443
93541,Mono County,10,2015,Residential,73801.0,0.073801
93541,Mono County,10,2015,Commercial,231770.0,0.23177
93546,Mono County,10,2015,Residential,3295168.0,3.295168
93546,Mono County,10,2015,Commercial,3685976.0,3.685976
93512,Mono County,10,2016,Residential,48993.0,0.048993
93512,Mono County,10,2016,Commercial,19672.0,0.019672
93517,Mono County,10,2016,Residential,215431.0,0.215431
93517,Mono County,10,2016,Commercial,406789.0,0.406789
93529,Mono County,10,2016,Residential,277210.0,0.27721
93529,Mono County,10,2016,Commercial,365671.0,0.365671
93541,Mono County,10,2016,Residential,73949.0,0.073949
93541,Mono County,10,2016,Commercial,238012.0,0.238012
93546,Mono County,10,2016,Residential,3677894.0,3.677894
93546,Mono County,10,2016,Commercial,3547289.0,3.547289
93546,Mono County,10,2016,Agricultural,741995.0,0.741995
93512,Mono County,10,2017,Residential,47518.0,0.047518
93517,Mono County,10,2017,Residential,202071.0,0.202071
93517,Mono County,10,2017,Commercial,411231.0,0.411231
93529,Mono County,10,2017,Residential,268896.0,0.268896
93529,Mono County,10,2017,Commercial,358169.0,0.358169
93541,Mono County,10,2017,Residential,81298.0,0.081298
93541,Mono County,10,2017,Commercial,224670.0,0.22467
93546,Mono County,10,2017,Residential,3801920.0,3.80192
93546,Mono County,10,2017,Commercial,3139554.0,3.139554
93512,Mono County,10,2018,Residential,43099.0,0.043099
93512,Mono County,10,2018,Agricultural,728993.0,0.728993
93517,Mono County,10,2018,Residential,216358.0,0.216358
93517,Mono County,10,2018,Commercial,409028.0,0.409028
93529,Mono County,10,2018,Residential,249959.0,0.249959
93529,Mono County,10,2018,Commercial,333889.0,0.333889
93541,Mono County,10,2018,Residential,75219.0,0.075219
93541,Mono County,10,2018,Commercial,223733.0,0.223733
93546,Mono County,10,2018,Residential,3542499.0,3.542499
93546,Mono County,10,2018,Commercial,3398311.0,3.398311
93512,Mono County,10,2019,Residential,43720.0,0.04372
93517,Mono County,10,2019,Residential,222238.0,0.222238
93517,Mono County,10,2019,Commercial,401154.0,0.401154
93529,Mono County,10,2019,Residential,263012.0,0.263012
93529,Mono County,10,2019,Commercial,335418.0,0.335418
93541,Mono County,10,2019,Residential,70612.0,0.070612
93541,Mono County,10,2019,Commercial,205577.0,0.205577
93546,Mono County,10,2019,Residential,3906591.0,3.906591
93546,Mono County,10,2019,Commercial,3504184.0,3.504184
93512,Mono County,10,2020,Residential,49535.0,0.049535
93512,Mono County,10,2020,Commercial,18520.0,0.01852
93517,Mono County,10,2020,Residential,244151.0,0.244151
93529,Mono County,10,2020,Residential,253062.0,0.253062
93529,Mono County,10,2020,Commercial,284477.0,0.284477
93541,Mono County,10,2020,Residential,75848.0,0.075848
93541,Mono County,10,2020,Commercial,180628.0,0.180628
93546,Mono County,10,2020,Residential,3337917.0,3.337917
93546,Mono County,10,2020,Commercial,3137162.0,3.137162
93512,Mono County,10,2021,Residential,35736.0,0.035736
93517,Mono County,10,2021,Residential,240754.0,0.240754
93517,Mono County,10,2021,Commercial,416762.0,0.416762
93529,Mono County,10,2021,Residential,274989.0,0.274989
93529,Mono County,10,2021,Commercial,366903.0,0.366903
93541,Mono County,10,2021,Residential,72982.0,0.072982
93541,Mono County,10,2021,Commercial,186086.0,0.186086
93546,Mono County,10,2021,Residential,4054884.0,4.054884
93546,Mono County,10,2021,Commercial,3425223.0,3.425223
93512,Mono County,10,2022,Residential,36095.0,0.036095
93512,Mono County,10,2022,Commercial,19761.0,0.019761
93512,Mono County,10,2022,Agricultural,701900.0,0.7019
93517,Mono County,10,2022,Residential,200420.0,0.20042
93517,Mono County,10,2022,Commercial,390201.0,0.390201
93529,Mono County,10,2022,Residential,247703.0,0.247703
93529,Mono County,10,2022,Commercial,407464.0,0.407464
93541,Mono County,10,2022,Residential,64218.0,0.064218
93541,Mono County,10,2022,Commercial,201170.0,0.20117
93546,Mono County,10,2022,Residential,3272321.0,3.272321
93546,Mono County,10,2022,Commercial,3160468.0,3.160468
93512,Mono County,10,2023,Residential,32097.0,0.032097
93512,Mono County,10,2023,Commercial,20132.0,0.020132
93517,Mono County,10,2023,Residential,198898.0,0.198898
93517,Mono County,10,2023,Commercial,399591.0,0.399591
93529,Mono County,10,2023,Residential,299112.0,0.299112
93529,Mono County,10,2023,Commercial,442751.0,0.442751
93541,Mono County,10,2023,Residential,87771.0,0.087771
93541,Mono County,10,2023,Commercial,317053.0,0.317053
93546,Mono County,10,2023,Residential,3819816.0,3.819816
93546,Mono County,10,2023,Commercial,4694424.0,4.694424
93546,Mono County,10,2023,Agricultural,87999.0,0.087999
93512,Mono County,10,2024,Residential,34968.0,0.034968
93512,Mono County,10,2024,Commercial,20835.0,0.020835
93517,Mono County,10,2024,Residential,184521.0,0.184521
93517,Mono County,10,2024,Commercial,390720.0,0.39072
93529,Mono County,10,2024,Residential,278395.0,0.278395
93529,Mono County,10,2024,Commercial,371272.0,0.371272
93541,Mono County,10,2024,Residential,89041.0,0.089041
93541,Mono County,10,2024,Commercial,301563.0,0.301563
93546,Mono County,10,2024,Residential,3472753.0,3.472753
93546,Mono County,10,2024,Commercial,3609347.0,3.609347
93546,Mono County,10,2024,Agricultural,493722.0,0.493722
93512,Mono County,11,2015,Residential,53292.0,0.053292
93517,Mono County,11,2015,Residential,232462.0,0.232462
93517,Mono County,11,2015,Commercial,371389.0,0.371389
93529,Mono County,11,2015,Residential,303059.0,0.303059
93529,Mono County,11,2015,Commercial,309583.0,0.309583
93541,Mono County,11,2015,Residential,91546.0,0.091546
93541,Mono County,11,2015,Commercial,209473.0,0.209473
93546,Mono County,11,2015,Residential,5343934.0,5.343934
93546,Mono County,11,2015,Commercial,3875116.0,3.875116
93512,Mono County,11,2016,Residential,47222.0,0.047222
93517,Mono County,11,2016,Residential,227014.0,0.227014
93517,Mono County,11,2016,Commercial,351597.0,0.351597
93529,Mono County,11,2016,Residential,283765.0,0.283765
93529,Mono County,11,2016,Commercial,299500.0,0.2995
93541,Mono County,11,2016,Residential,76057.0,0.076057
93541,Mono County,11,2016,Commercial,202929.0,0.202929
93546,Mono County,11,2016,Residential,4643056.0,4.643056
93546,Mono County,11,2016,Commercial,3891917.0,3.891917
93512,Mono County,11,2017,Residential,43742.0,0.043742
93517,Mono County,11,2017,Residential,211787.0,0.211787
93517,Mono County,11,2017,Commercial,354086.0,0.354086
93529,Mono County,11,2017,Residential,276168.0,0.276168
93529,Mono County,11,2017,Commercial,298821.0,0.298821
93541,Mono County,11,2017,Residential,81980.0,0.08198
93541,Mono County,11,2017,Commercial,200600.0,0.2006
93546,Mono County,11,2017,Residential,4332294.0,4.332294
93546,Mono County,11,2017,Commercial,3472369.0,3.472369
93512,Mono County,11,2018,Residential,42851.0,0.042851
93517,Mono County,11,2018,Residential,239484.0,0.239484
93517,Mono County,11,2018,Commercial,371134.0,0.371134
93529,Mono County,11,2018,Residential,292147.0,0.292147
93529,Mono County,11,2018,Commercial,296985.0,0.296985
93541,Mono County,11,2018,Residential,82841.0,0.082841
93541,Mono County,11,2018,Commercial,201505.0,0.201505
93546,Mono County,11,2018,Residential,4529598.0,4.529598
93546,Mono County,11,2018,Commercial,3581499.0,3.581499
93512,Mono County,11,2019,Residential,53038.0,0.053038
93517,Mono County,11,2019,Residential,238315.0,0.238315
93517,Mono County,11,2019,Commercial,366606.0,0.366606
93529,Mono County,11,2019,Residential,295076.0,0.295076
93529,Mono County,11,2019,Commercial,312865.0,0.312865
93541,Mono County,11,2019,Residential,83727.0,0.083727
93541,Mono County,11,2019,Commercial,211401.0,0.211401
93546,Mono County,11,2019,Residential,4824466.0,4.824466
93546,Mono County,11,2019,Commercial,3743689.0,3.743689
93546,Mono County,11,2019,Agricultural,649499.0,0.649499
93512,Mono County,11,2020,Residential,52533.0,0.052533
93517,Mono County,11,2020,Residential,252655.0,0.252655
93517,Mono County,11,2020,Commercial,812709.0,0.812709
93529,Mono County,11,2020,Residential,334704.0,0.334704
93529,Mono County,11,2020,Commercial,290947.0,0.290947
93541,Mono County,11,2020,Residential,90097.0,0.090097
93541,Mono County,11,2020,Commercial,173835.0,0.173835
93546,Mono County,11,2020,Residential,5145330.0,5.14533
93546,Mono County,11,2020,Commercial,3469620.0,3.46962
93512,Mono County,11,2021,Residential,41551.0,0.041551
93517,Mono County,11,2021,Residential,232122.0,0.232122
93517,Mono County,11,2021,Commercial,346387.0,0.346387
93529,Mono County,11,2021,Residential,299236.0,0.299236
93529,Mono County,11,2021,Commercial,314187.0,0.314187
93529,Mono County,11,2021,Agricultural,372026.0,0.372026
93541,Mono County,11,2021,Residential,77104.0,0.077104
93546,Mono County,11,2021,Residential,4886998.0,4.886998
93512,Mono County,11,2022,Residential,45528.0,0.045528
93517,Mono County,11,2022,Residential,241534.0,0.241534
93517,Mono County,11,2022,Commercial,375665.0,0.375665
93529,Mono County,11,2022,Residential,320214.0,0.320214
93541,Mono County,11,2022,Residential,83158.0,0.083158
93541,Mono County,11,2022,Commercial,152240.0,0.15224
93546,Mono County,11,2022,Residential,5499998.0,5.499998
93546,Mono County,11,2022,Commercial,3782334.0,3.782334
93512,Mono County,11,2023,Residential,37768.0,0.037768
93517,Mono County,11,2023,Residential,227035.0,0.227035
93517,Mono County,11,2023,Commercial,359725.0,0.359725
93529,Mono County,11,2023,Residential,250051.0,0.250051
93529,Mono County,11,2023,Commercial,243928.0,0.243928
93541,Mono County,11,2023,Residential,81144.0,0.081144
93541,Mono County,11,2023,Commercial,158474.0,0.158474
93546,Mono County,11,2023,Residential,4908764.0,4.908764
93546,Mono County,11,2023,Commercial,3069987.0,3.069987
93512,Mono County,11,2024,Residential,35643.0,0.035643
93517,Mono County,11,2024,Residential,210607.0,0.210607
93517,Mono County,11,2024,Commercial,355130.0,0.35513
93529,Mono County,11,2024,Residential,242153.0,0.242153
93529,Mono County,11,2024,Commercial,217344.0,0.217344
93541,Mono County,11,2024,Residential,47298.0,0.047298
93546,Mono County,11,2024,Residential,4135468.0,4.135468
93546,Mono County,11,2024,Commercial,3070038.0,3.070038
93512,Mono County,12,2015,Residential,63284.0,0.063284
93512,Mono County,12,2015,Commercial,25645.0,0.025645
93517,Mono County,12,2015,Residential,252899.0,0.252899
93517,Mono County,12,2015,Commercial,793805.0,0.793805
93529,Mono County,12,2015,Residential,373771.0,0.373771
93529,Mono County,12,2015,Commercial,310273.0,0.310273
93541,Mono County,12,2015,Residential,113597.0,0.113597
93541,Mono County,12,2015,Commercial,182695.0,0.182695
93546,Mono County,12,2015,Residential,8253298.0,8.253298
93546,Mono County,12,2015,Commercial,4449594.0,4.449594
93546,Mono County,12,2015,Agricultural,1556457.0,1.556457
93512,Mono County,12,2016,Residential,62068.0,0.062068
93512,Mono County,12,2016,Commercial,24163.0,0.024163
93517,Mono County,12,2016,Residential,235731.0,0.235731
93517,Mono County,12,2016,Commercial,714351.0,0.714351
93529,Mono County,12,2016,Residential,348939.0,0.348939
93541,Mono County,12,2016,Residential,98170.0,0.09817
93541,Mono County,12,2016,Commercial,155790.0,0.15579
93546,Mono County,12,2016,Residential,6757495.0,6.757495
93546,Mono County,12,2016,Commercial,3995838.0,3.995838
93546,Mono County,12,2016,Agricultural,1410094.0,1.410094
93512,Mono County,12,2017,Residential,52623.0,0.052623
93517,Mono County,12,2017,Residential,245155.0,0.245155
93517,Mono County,12,2017,Commercial,318452.0,0.318452
93529,Mono County,12,2017,Residential,304483.0,0.304483
93529,Mono County,12,2017,Commercial,306898.0,0.306898
93541,Mono County,12,2017,Residential,91674.0,0.091674
93541,Mono County,12,2017,Commercial,164672.0,0.164672
93546,Mono County,12,2017,Residential,6538159.0,6.538159
93546,Mono County,12,2017,Commercial,3997788.0,3.997788
93512,Mono County,12,2018,Residential,54856.0,0.054856
93517,Mono County,12,2018,Residential,267101.0,0.267101
93517,Mono County,12,2018,Commercial,308849.0,0.308849
93529,Mono County,12,2018,Residential,368100.0,0.3681
93529,Mono County,12,2018,Commercial,270289.0,0.270289
93541,Mono County,12,2018,Residential,105424.0,0.105424
93541,Mono County,12,2018,Commercial,185956.0,0.185956
93546,Mono County,12,2018,Residential,7461573.0,7.461573
93546,Mono County,12,2018,Commercial,4377453.0,4.377453
93512,Mono County,12,2019,Residential,66463.0,0.066463
93517,Mono County,12,2019,Residential,266826.0,0.266826
93517,Mono County,12,2019,Commercial,355192.0,0.355192
93529,Mono County,12,2019,Residential,361097.0,0.361097
93541,Mono County,12,2019,Residential,112835.0,0.112835
93541,Mono County,12,2019,Commercial,197971.0,0.197971
93546,Mono County,12,2019,Residential,7949451.0,7.949451
93546,Mono County,12,2019,Commercial,4268668.0,4.268668
93512,Mono County,12,2020,Residential,62458.0,0.062458
93517,Mono County,12,2020,Residential,283416.0,0.283416
93517,Mono County,12,2020,Commercial,340549.0,0.340549
93529,Mono County,12,2020,Residential,382747.0,0.382747
93529,Mono County,12,2020,Commercial,247135.0,0.247135
93541,Mono County,12,2020,Residential,118268.0,0.118268
93541,Mono County,12,2020,Commercial,169015.0,0.169015
93546,Mono County,12,2020,Residential,7489434.0,7.489434
93546,Mono County,12,2020,Commercial,3883570.0,3.88357
93512,Mono County,12,2021,Residential,55400.0,0.0554
93517,Mono County,12,2021,Residential,248351.0,0.248351
93517,Mono County,12,2021,Commercial,347540.0,0.34754
93529,Mono County,12,2021,Residential,324586.0,0.324586
93541,Mono County,12,2021,Residential,95573.0,0.095573
93541,Mono County,12,2021,Commercial,143860.0,0.14386
93546,Mono County,12,2021,Residential,6908887.0,6.908887
93546,Mono County,12,2021,Commercial,4101438.0,4.101438
93512,Mono County,12,2022,Residential,59587.0,0.059587
93517,Mono County,12,2022,Residential,281020.0,0.28102
93517,Mono County,12,2022,Commercial,338224.0,0.338224
93529,Mono County,12,2022,Residential,420091.0,0.420091
93541,Mono County,12,2022,Residential,114537.0,0.114537
93541,Mono County,12,2022,Commercial,192635.0,0.192635
93546,Mono County,12,2022,Residential,8694087.0,8.694087
93546,Mono County,12,2022,Commercial,4612583.0,4.612583
93512,Mono County,12,2023,Residential,42757.0,0.042757
93517,Mono County,12,2023,Residential,240916.0,0.240916
93517,Mono County,12,2023,Commercial,321313.0,0.321313
93529,Mono County,12,2023,Residential,338595.0,0.338595
93541,Mono County,12,2023,Residential,56059.0,0.056059
93546,Mono County,12,2023,Residential,6416011.0,6.416011
93546,Mono County,12,2023,Commercial,3871676.0,3.871676
93512,Mono County,12,2024,Residential,47698.0,0.047698
93517,Mono County,12,2024,Residential,232413.0,0.232413
93517,Mono County,12,2024,Commercial,339619.0,0.339619
93529,Mono County,12,2024,Residential,380710.0,0.38071
93541,Mono County,12,2024,Residential,103890.0,0.10389
93541,Mono County,12,2024,Commercial,183898.0,0.183898
93546,Mono County,12,2024,Residential,7466913.0,7.466913
93546,Mono County,12,2024,Commercial,4541205.0,4.541205
